<?xml version="1.0" encoding="UTF-8"?>
<config xmlns="http://www.knime.org/2008/09/XMLConfig" xmlns:xsi="http://www.w3.org/2001/XMLSchema-instance" xsi:schemaLocation="http://www.knime.org/2008/09/XMLConfig http://www.knime.org/XMLConfig_2008_09.xsd" key="model.xml">
<entry key="version" type="xint" value="1"/>
<entry key="class_name" type="xstring" value="org.knime.ext.dl4j.base.DLModelPortObjectSpec"/>
<config key="model">
<config key="NeuralNetType">
<entry key="array-size" type="xint" value="1"/>
<entry key="0" type="xstring" value="EMPTY"/>
</config>
<config key="LayerTypeList">
<entry key="array-size" type="xint" value="1"/>
<entry key="0" type="xstring" value="OUTPUT_LAYER"/>
</config>
<entry key="IsTrained" type="xboolean" value="true"/>
<config key="FeatureColumsTypes">
<entry key="array-size" type="xint" value="16"/>
<entry key="0" type="xstring" value="Number (double)"/>
<entry key="1" type="xstring" value="Number (double)"/>
<entry key="2" type="xstring" value="Number (double)"/>
<entry key="3" type="xstring" value="Number (double)"/>
<entry key="4" type="xstring" value="Number (double)"/>
<entry key="5" type="xstring" value="Number (double)"/>
<entry key="6" type="xstring" value="Number (double)"/>
<entry key="7" type="xstring" value="Number (double)"/>
<entry key="8" type="xstring" value="Number (double)"/>
<entry key="9" type="xstring" value="Number (double)"/>
<entry key="10" type="xstring" value="Number (double)"/>
<entry key="11" type="xstring" value="Number (double)"/>
<entry key="12" type="xstring" value="Number (double)"/>
<entry key="13" type="xstring" value="Number (double)"/>
<entry key="14" type="xstring" value="Number (double)"/>
<entry key="15" type="xstring" value="Number (double)"/>
</config>
<config key="FeatureColumsNames">
<entry key="array-size" type="xint" value="16"/>
<entry key="0" type="xstring" value="age"/>
<entry key="1" type="xstring" value="Medu"/>
<entry key="2" type="xstring" value="Fedu"/>
<entry key="3" type="xstring" value="traveltime"/>
<entry key="4" type="xstring" value="studytime"/>
<entry key="5" type="xstring" value="failures"/>
<entry key="6" type="xstring" value="famrel"/>
<entry key="7" type="xstring" value="freetime"/>
<entry key="8" type="xstring" value="goout"/>
<entry key="9" type="xstring" value="Dalc"/>
<entry key="10" type="xstring" value="Walc"/>
<entry key="11" type="xstring" value="health"/>
<entry key="12" type="xstring" value="absences"/>
<entry key="13" type="xstring" value="G1"/>
<entry key="14" type="xstring" value="G2"/>
<entry key="15" type="xstring" value="G3"/>
</config>
<config key="Labels">
<entry key="array-size" type="xint" value="0"/>
</config>
<config key="TargetColumNames">
<entry key="array-size" type="xint" value="1"/>
<entry key="0" type="xstring" value="media_graduated"/>
</config>
<entry key="LearnerType" type="xstring" value="feedforward_regression"/>
</config>
</config>
