<?xml version="1.0" encoding="UTF-8"?>
<config xmlns="http://www.knime.org/2008/09/XMLConfig" xmlns:xsi="http://www.w3.org/2001/XMLSchema-instance" xsi:schemaLocation="http://www.knime.org/2008/09/XMLConfig http://www.knime.org/XMLConfig_2008_09.xsd" key="model.xml">
<entry key="version" type="xint" value="1"/>
<entry key="class_name" type="xstring" value="org.knime.base.data.normalize.NormalizerPortObject"/>
<config key="model">
<config key="columns">
<config key="age">
<entry key="column_name" type="xstring" value="age"/>
<entry key="column_scale" type="xdouble" value="0.14285714285714285"/>
<entry key="column_translate" type="xdouble" value="-2.142857142857143"/>
<entry key="column_min" type="xdouble" value="0.0"/>
<entry key="column_max" type="xdouble" value="1.0"/>
</config>
<config key="Medu">
<entry key="column_name" type="xstring" value="Medu"/>
<entry key="column_scale" type="xdouble" value="0.25"/>
<entry key="column_translate" type="xdouble" value="0.0"/>
<entry key="column_min" type="xdouble" value="0.0"/>
<entry key="column_max" type="xdouble" value="1.0"/>
</config>
<config key="Fedu">
<entry key="column_name" type="xstring" value="Fedu"/>
<entry key="column_scale" type="xdouble" value="0.25"/>
<entry key="column_translate" type="xdouble" value="0.0"/>
<entry key="column_min" type="xdouble" value="0.0"/>
<entry key="column_max" type="xdouble" value="1.0"/>
</config>
<config key="traveltime">
<entry key="column_name" type="xstring" value="traveltime"/>
<entry key="column_scale" type="xdouble" value="0.3333333333333333"/>
<entry key="column_translate" type="xdouble" value="-0.3333333333333333"/>
<entry key="column_min" type="xdouble" value="0.0"/>
<entry key="column_max" type="xdouble" value="1.0"/>
</config>
<config key="studytime">
<entry key="column_name" type="xstring" value="studytime"/>
<entry key="column_scale" type="xdouble" value="0.3333333333333333"/>
<entry key="column_translate" type="xdouble" value="-0.3333333333333333"/>
<entry key="column_min" type="xdouble" value="0.0"/>
<entry key="column_max" type="xdouble" value="1.0"/>
</config>
<config key="failures">
<entry key="column_name" type="xstring" value="failures"/>
<entry key="column_scale" type="xdouble" value="0.3333333333333333"/>
<entry key="column_translate" type="xdouble" value="0.0"/>
<entry key="column_min" type="xdouble" value="0.0"/>
<entry key="column_max" type="xdouble" value="1.0"/>
</config>
<config key="famrel">
<entry key="column_name" type="xstring" value="famrel"/>
<entry key="column_scale" type="xdouble" value="0.25"/>
<entry key="column_translate" type="xdouble" value="-0.25"/>
<entry key="column_min" type="xdouble" value="0.0"/>
<entry key="column_max" type="xdouble" value="1.0"/>
</config>
<config key="freetime">
<entry key="column_name" type="xstring" value="freetime"/>
<entry key="column_scale" type="xdouble" value="0.25"/>
<entry key="column_translate" type="xdouble" value="-0.25"/>
<entry key="column_min" type="xdouble" value="0.0"/>
<entry key="column_max" type="xdouble" value="1.0"/>
</config>
<config key="goout">
<entry key="column_name" type="xstring" value="goout"/>
<entry key="column_scale" type="xdouble" value="0.25"/>
<entry key="column_translate" type="xdouble" value="-0.25"/>
<entry key="column_min" type="xdouble" value="0.0"/>
<entry key="column_max" type="xdouble" value="1.0"/>
</config>
<config key="Dalc">
<entry key="column_name" type="xstring" value="Dalc"/>
<entry key="column_scale" type="xdouble" value="0.25"/>
<entry key="column_translate" type="xdouble" value="-0.25"/>
<entry key="column_min" type="xdouble" value="0.0"/>
<entry key="column_max" type="xdouble" value="1.0"/>
</config>
<config key="Walc">
<entry key="column_name" type="xstring" value="Walc"/>
<entry key="column_scale" type="xdouble" value="0.25"/>
<entry key="column_translate" type="xdouble" value="-0.25"/>
<entry key="column_min" type="xdouble" value="0.0"/>
<entry key="column_max" type="xdouble" value="1.0"/>
</config>
<config key="health">
<entry key="column_name" type="xstring" value="health"/>
<entry key="column_scale" type="xdouble" value="0.25"/>
<entry key="column_translate" type="xdouble" value="-0.25"/>
<entry key="column_min" type="xdouble" value="0.0"/>
<entry key="column_max" type="xdouble" value="1.0"/>
</config>
<config key="absences">
<entry key="column_name" type="xstring" value="absences"/>
<entry key="column_scale" type="xdouble" value="0.013333333333333334"/>
<entry key="column_translate" type="xdouble" value="0.0"/>
<entry key="column_min" type="xdouble" value="0.0"/>
<entry key="column_max" type="xdouble" value="1.0"/>
</config>
<config key="G1">
<entry key="column_name" type="xstring" value="G1"/>
<entry key="column_scale" type="xdouble" value="0.06666666666666667"/>
<entry key="column_translate" type="xdouble" value="-0.26666666666666666"/>
<entry key="column_min" type="xdouble" value="0.0"/>
<entry key="column_max" type="xdouble" value="1.0"/>
</config>
<config key="G2">
<entry key="column_name" type="xstring" value="G2"/>
<entry key="column_scale" type="xdouble" value="0.05263157894736842"/>
<entry key="column_translate" type="xdouble" value="0.0"/>
<entry key="column_min" type="xdouble" value="0.0"/>
<entry key="column_max" type="xdouble" value="1.0"/>
</config>
<config key="G3">
<entry key="column_name" type="xstring" value="G3"/>
<entry key="column_scale" type="xdouble" value="0.05"/>
<entry key="column_translate" type="xdouble" value="0.0"/>
<entry key="column_min" type="xdouble" value="0.0"/>
<entry key="column_max" type="xdouble" value="1.0"/>
</config>
</config>
<entry key="summary" type="xstring" value="Min/Max (0.0, 1) normalization on 16 column(s)"/>
</config>
</config>
